question,answer,CAP_TOTALE
How much of Capture Totale Firming & Wrinkle-correcting Creme’s ingredients are of natural origin?,"91%",10
How much of Capture Totale Firming & Wrinkle-correcting Creme’s ingredients are of natural origin?,"72%",10
How much of Capture Totale Firming & Wrinkle-correcting Creme’s ingredients are of natural origin?,"68%",10
How much of Capture Totale Firming & Wrinkle-correcting Creme’s ingredients are of natural origin?,"51%",10
What can Capture Totale bring to your skin after 1 month?,+31% PLUMPER,10
What can Capture Totale bring to your skin after 1 month?,+21% FIRMER,10
What can Capture Totale bring to your skin after 1 month?,+27% MORE RADIANT,10
